{
	"class_name" : "PinholeCameraParameters",
	"extrinsic" : 
	[
		0.050534673657063947,
		-0.07278950538929857,
		0.99606623005880257,
		0.0,
		0.049873451266882925,
		-0.99591227605510291,
		-0.075308547067875778,
		0.0,
		0.99747625817214514,
		0.053482953433088225,
		-0.046697838011734709,
		0.0,
		0.39246769877848187,
		-2.7853361963389625,
		3.216421289468407,
		1.0
	],
	"intrinsic" : 
	{
		"height" : 1055,
		"intrinsic_matrix" : 
		[
			913.65680099258282,
			0.0,
			0.0,
			0.0,
			913.65680099258282,
			0.0,
			959.5,
			527.0,
			1.0
		],
		"width" : 1920
	},
	"version_major" : 1,
	"version_minor" : 0
}